Route_name,Route_link,Total_Buses
Chandigarh to Delhi,https://www.redbus.in/bus-tickets/chandigarh-to-delhi,
Delhi to Chandigarh,https://www.redbus.in/bus-tickets/delhi-to-chandigarh,
Yamuna Nagar to Chandigarh,https://www.redbus.in/bus-tickets/yamuna-nagar-to-chandigarh,
Chandigarh to Shimla,https://www.redbus.in/bus-tickets/chandigarh-to-shimla,
Chandigarh to Vrindavan,https://www.redbus.in/bus-tickets/chandigarh-to-vrindavan,
Chandigarh to Yamuna Nagar,https://www.redbus.in/bus-tickets/chandigarh-to-yamuna-nagar,
Chandigarh to Sujanpur (himachal pradesh),https://www.redbus.in/bus-tickets/chandigarh-to-sujanpur,
Ludhiana to Chandigarh,https://www.redbus.in/bus-tickets/ludhiana-to-chandigarh,
Hamirpur (Himachal Pradesh) to Chandigarh,https://www.redbus.in/bus-tickets/hamirpur-himachal-pradesh-to-chandigarh,
Vrindavan to Chandigarh,https://www.redbus.in/bus-tickets/vrindavan-to-chandigarh,
Chandigarh to Hamirpur (Himachal Pradesh),https://www.redbus.in/bus-tickets/chandigarh-to-hamirpur-himachal-pradesh,
Sujanpur (himachal pradesh) to Chandigarh,https://www.redbus.in/bus-tickets/sujanpur-to-chandigarh,
Shimla to Chandigarh,https://www.redbus.in/bus-tickets/shimla-to-chandigarh,
Chandigarh to Ludhiana,https://www.redbus.in/bus-tickets/chandigarh-to-ludhiana,
Chandigarh to Dharamshala (Himachal Pradesh),https://www.redbus.in/bus-tickets/chandigarh-to-dharamshala,
Chandigarh to Dehradun,https://www.redbus.in/bus-tickets/chandigarh-to-dehradun,
Chandigarh to Baijnath,https://www.redbus.in/bus-tickets/chandigarh-to-baijnath,
Pathankot to Chandigarh,https://www.redbus.in/bus-tickets/pathankot-to-chandigarh,
Chandigarh to Haridwar,https://www.redbus.in/bus-tickets/chandigarh-to-haridwar,
Chandigarh to Pathankot,https://www.redbus.in/bus-tickets/chandigarh-to-pathankot,
Talwara to Chandigarh,https://www.redbus.in/bus-tickets/talwara-to-chandigarh,
Dehradun to Chandigarh,https://www.redbus.in/bus-tickets/dehradun-to-chandigarh,
Amritsar to Chandigarh,https://www.redbus.in/bus-tickets/amritsar-to-chandigarh,
Chandigarh to Rishikesh,https://www.redbus.in/bus-tickets/chandigarh-to-rishikesh,
Chandigarh to Talwara,https://www.redbus.in/bus-tickets/chandigarh-to-talwara,
Chandigarh to Dinanagar (punjab),https://www.redbus.in/bus-tickets/chandigarh-to-dinanagar-punjab,
Dinanagar (punjab) to Chandigarh,https://www.redbus.in/bus-tickets/dinanagar-punjab-to-chandigarh,
Rishikesh to Chandigarh,https://www.redbus.in/bus-tickets/rishikesh-to-chandigarh,
Chandigarh to Amritsar,https://www.redbus.in/bus-tickets/chandigarh-to-amritsar,
Chandigarh to Agra,https://www.redbus.in/bus-tickets/chandigarh-to-agra,
Dharamshala (Himachal Pradesh) to Chandigarh,https://www.redbus.in/bus-tickets/dharamshala-to-chandigarh,
Chandigarh to Katra (jammu and kashmir),https://www.redbus.in/bus-tickets/chandigarh-to-katra,
Hisar (Haryana) to Chandigarh,https://www.redbus.in/bus-tickets/hisar-haryana-to-chandigarh,
Rohtak to Chandigarh,https://www.redbus.in/bus-tickets/rohtak-to-chandigarh,
Chandigarh to Una (Himachal Pradesh),https://www.redbus.in/bus-tickets/chandigarh-to-una,
Chandigarh to Jammu (j and k),https://www.redbus.in/bus-tickets/chandigarh-to-jammu,
Chandigarh to Rohtak,https://www.redbus.in/bus-tickets/chandigarh-to-rohtak,
Chandigarh to Manali,https://www.redbus.in/bus-tickets/chandigarh-to-manali,
Chandigarh to Haldwani,https://www.redbus.in/bus-tickets/chandigarh-to-haldwani,
Jawala Ji to Chandigarh,https://www.redbus.in/bus-tickets/jawala-ji-to-chandigarh,
Agra to Chandigarh,https://www.redbus.in/bus-tickets/agra-to-chandigarh,
Jammu (j and k) to Chandigarh,https://www.redbus.in/bus-tickets/jammu-to-chandigarh,
Chandigarh to Hisar (Haryana),https://www.redbus.in/bus-tickets/chandigarh-to-hisar-haryana,
Chandigarh to Kathgodam,https://www.redbus.in/bus-tickets/chandigarh-to-kathgodam,
Haridwar to Chandigarh,https://www.redbus.in/bus-tickets/haridwar-to-chandigarh,
Katra (jammu and kashmir) to Chandigarh,https://www.redbus.in/bus-tickets/katra-to-chandigarh,
Baijnath to Chandigarh,https://www.redbus.in/bus-tickets/baijnath-to-chandigarh,
Narnaul to Chandigarh,https://www.redbus.in/bus-tickets/narnaul-to-chandigarh,
Chandigarh to Jawala Ji,https://www.redbus.in/bus-tickets/chandigarh-to-jawala-ji,
